K,Num Rotations,Num Shifts,Num Shells,Num Sectors,Rotation Angle,Solver,Consensus NClass,Theta,Epsilon,Th_dist,Dist_max,NMI,Runtime
9,2,2,2,3,30,cspa,9,0.01,0.001,2,1000,0.7662714536742928,89.84114599227905
9,2,2,2,3,30,cspa,9,0.01,0.001,5,1000,0.5483202555766076,104.45346999168396
9,2,2,2,3,30,cspa,9,0.01,0.001,15,1000,0.3862907528764552,133.21419596672058
9,2,2,2,3,30,cspa,6,0.01,0.001,2,1000,0.6078469538821085,85.01454377174377
9,2,2,2,3,30,cspa,6,0.01,0.001,5,1000,0.6959409167126782,87.95588803291321
9,2,2,2,3,30,cspa,6,0.01,0.001,15,1000,0.41614833354577224,128.47194600105286
9,2,2,2,3,30,mcla,9,0.01,0.001,2,1000,0.5451959513016585,19.712040901184082
9,2,2,2,3,30,mcla,9,0.01,0.001,5,1000,0.5211751734936352,20.42969512939453
9,2,2,2,3,30,mcla,9,0.01,0.001,15,1000,0.41712132744404684,20.74982476234436
9,2,2,2,3,30,mcla,6,0.01,0.001,2,1000,0.7612040714984999,20.230448007583618
9,2,2,2,3,30,mcla,6,0.01,0.001,5,1000,0.474441830466945,19.99178695678711
9,2,2,2,3,30,mcla,6,0.01,0.001,15,1000,0.41469022500360747,19.230342149734497
9,2,2,2,3,30,hbgf,9,0.01,0.001,2,1000,0.7929706062227723,20.66655707359314
9,2,2,2,3,30,hbgf,9,0.01,0.001,5,1000,0.6045366751848642,20.139106035232544
9,2,2,2,3,30,hbgf,9,0.01,0.001,15,1000,0.3563078796699195,20.274715185165405
9,2,2,2,3,30,hbgf,6,0.01,0.001,2,1000,0.7352790073493974,20.107664108276367
9,2,2,2,3,30,hbgf,6,0.01,0.001,5,1000,0.4974306963487629,20.681949853897095
9,2,2,2,3,30,hbgf,6,0.01,0.001,15,1000,0.4660486399949723,20.10034203529358
9,2,2,2,3,30,nmf,9,0.01,0.001,2,1000,0.6688612120560999,30.37392807006836
9,2,2,2,3,30,nmf,9,0.01,0.001,5,1000,0.6703273432161039,28.144594192504883
9,2,2,2,3,30,nmf,9,0.01,0.001,15,1000,0.49059981220316523,32.61750674247742
9,2,2,2,3,30,nmf,6,0.01,0.001,2,1000,0.8369438479585227,25.771613121032715
9,2,2,2,3,30,nmf,6,0.01,0.001,5,1000,0.7353336087017451,28.214835166931152
9,2,2,2,3,30,nmf,6,0.01,0.001,15,1000,0.39574132736720785,30.53767204284668
9,2,2,4,3,30,cspa,9,0.01,0.001,2,1000,0.8059963687715453,84.13312411308289
9,2,2,4,3,30,cspa,9,0.01,0.001,5,1000,0.6575968966096086,101.37993884086609
9,2,2,4,3,30,cspa,9,0.01,0.001,15,1000,0.4805440903116547,129.63758397102356
9,2,2,4,3,30,cspa,6,0.01,0.001,2,1000,0.6851093842441635,85.06891393661499
9,2,2,4,3,30,cspa,6,0.01,0.001,5,1000,0.7394811994731512,94.76887392997742
9,2,2,4,3,30,cspa,6,0.01,0.001,15,1000,0.38569609568779023,130.82170605659485
9,2,2,4,3,30,mcla,9,0.01,0.001,2,1000,0.7030060614561559,18.570667028427124
9,2,2,4,3,30,mcla,9,0.01,0.001,5,1000,0.5300410295871713,18.566964149475098
9,2,2,4,3,30,mcla,9,0.01,0.001,15,1000,0.4719688144604337,19.05722212791443
9,2,2,4,3,30,mcla,6,0.01,0.001,2,1000,0.8588105519116908,18.712640047073364
9,2,2,4,3,30,mcla,6,0.01,0.001,5,1000,0.5479350323275266,18.50570321083069
9,2,2,4,3,30,mcla,6,0.01,0.001,15,1000,0.47733929761963245,18.331787109375
9,2,2,4,3,30,hbgf,9,0.01,0.001,2,1000,0.6560109819030732,19.442931175231934
9,2,2,4,3,30,hbgf,9,0.01,0.001,5,1000,0.6818980203543987,19.08930516242981
9,2,2,4,3,30,hbgf,9,0.01,0.001,15,1000,0.2993922360711966,19.457101106643677
9,2,2,4,3,30,hbgf,6,0.01,0.001,2,1000,0.6953780089709528,19.61101269721985
9,2,2,4,3,30,hbgf,6,0.01,0.001,5,1000,0.7650229530139865,19.42655324935913
9,2,2,4,3,30,hbgf,6,0.01,0.001,15,1000,0.38049785097716265,19.539950847625732
9,2,2,4,3,30,nmf,9,0.01,0.001,2,1000,0.87338263491678,25.587381601333618
9,2,2,4,3,30,nmf,9,0.01,0.001,5,1000,0.8219950543482099,29.56894087791443
9,2,2,4,3,30,nmf,9,0.01,0.001,15,1000,0.3982098088411286,32.25930595397949
9,2,2,4,3,30,nmf,6,0.01,0.001,2,1000,0.7588633540105046,26.626514196395874
9,2,2,4,3,30,nmf,6,0.01,0.001,5,1000,0.7823006959588152,26.931806087493896
9,2,2,4,3,30,nmf,6,0.01,0.001,15,1000,0.46329218447587417,29.974955081939697
9,4,2,2,3,30,cspa,9,0.01,0.001,2,1000,0.7043562895913807,118.73010015487671
9,4,2,2,3,30,cspa,9,0.01,0.001,5,1000,0.5870447758772303,130.45232701301575
9,4,2,2,3,30,cspa,9,0.01,0.001,15,1000,0.41974939192232946,161.73805403709412
9,4,2,2,3,30,cspa,6,0.01,0.001,2,1000,0.615233295171024,112.5714099407196
9,4,2,2,3,30,cspa,6,0.01,0.001,5,1000,0.759011111531342,134.12564206123352
9,4,2,2,3,30,cspa,6,0.01,0.001,15,1000,0.42205544611734047,154.7991840839386
9,4,2,2,3,30,mcla,9,0.01,0.001,2,1000,0.7271545794896466,39.44655203819275
9,4,2,2,3,30,mcla,9,0.01,0.001,5,1000,0.645964135333161,39.343021869659424
9,4,2,2,3,30,mcla,9,0.01,0.001,15,1000,0.47780415682928884,38.7832818031311
9,4,2,2,3,30,mcla,6,0.01,0.001,2,1000,0.8270299341192621,38.85555410385132
9,4,2,2,3,30,mcla,6,0.01,0.001,5,1000,0.6332743480120372,38.75450897216797
9,4,2,2,3,30,mcla,6,0.01,0.001,15,1000,0.4668529966335304,39.091227293014526
9,4,2,2,3,30,hbgf,9,0.01,0.001,2,1000,0.8187739429204186,39.31950783729553
9,4,2,2,3,30,hbgf,9,0.01,0.001,5,1000,0.6050975598984196,39.69725298881531
9,4,2,2,3,30,hbgf,9,0.01,0.001,15,1000,0.4191802307538819,39.089240074157715
9,4,2,2,3,30,hbgf,6,0.01,0.001,2,1000,0.7378863761019889,38.969773054122925
9,4,2,2,3,30,hbgf,6,0.01,0.001,5,1000,0.5135955894046924,39.66081690788269
9,4,2,2,3,30,hbgf,6,0.01,0.001,15,1000,0.4744210200140642,39.820783853530884
9,4,2,2,3,30,nmf,9,0.01,0.001,2,1000,0.6752359968554159,47.66306209564209
9,4,2,2,3,30,nmf,9,0.01,0.001,5,1000,0.7094280626919924,50.444371938705444
9,4,2,2,3,30,nmf,9,0.01,0.001,15,1000,0.4546800334941392,52.80913281440735
9,4,2,2,3,30,nmf,6,0.01,0.001,2,1000,0.7536609875989777,47.3018000125885
9,4,2,2,3,30,nmf,6,0.01,0.001,5,1000,0.7080513405079861,47.587502241134644
9,4,2,2,3,30,nmf,6,0.01,0.001,15,1000,0.5466294269035079,51.43656086921692
9,4,2,4,3,30,cspa,9,0.01,0.001,2,1000,0.8381737799830589,116.47505807876587
9,4,2,4,3,30,cspa,9,0.01,0.001,5,1000,0.603962433003439,133.45447087287903
9,4,2,4,3,30,cspa,9,0.01,0.001,15,1000,0.36110337475677384,160.837877035141
9,4,2,4,3,30,cspa,6,0.01,0.001,2,1000,0.6657538705664392,105.1447160243988
9,4,2,4,3,30,cspa,6,0.01,0.001,5,1000,0.659301420478346,124.15929985046387
9,4,2,4,3,30,cspa,6,0.01,0.001,15,1000,0.4496358763785558,165.08386301994324
9,4,2,4,3,30,mcla,9,0.01,0.001,2,1000,0.8063183850853136,37.53507089614868
9,4,2,4,3,30,mcla,9,0.01,0.001,5,1000,0.6627922649034981,37.779417276382446
9,4,2,4,3,30,mcla,9,0.01,0.001,15,1000,0.4580870078685087,37.840315103530884
9,4,2,4,3,30,mcla,6,0.01,0.001,2,1000,0.8431872659305806,37.292465925216675
9,4,2,4,3,30,mcla,6,0.01,0.001,5,1000,0.49496043745358526,37.550585985183716
9,4,2,4,3,30,mcla,6,0.01,0.001,15,1000,0.4487020565481236,38.026938676834106
9,4,2,4,3,30,hbgf,9,0.01,0.001,2,1000,0.6165316786627975,37.32424712181091
9,4,2,4,3,30,hbgf,9,0.01,0.001,5,1000,0.4686597154393389,38.45889687538147
9,4,2,4,3,30,hbgf,9,0.01,0.001,15,1000,0.34961972699450267,38.36960005760193
9,4,2,4,3,30,hbgf,6,0.01,0.001,2,1000,0.7388484140003478,38.02551984786987
9,4,2,4,3,30,hbgf,6,0.01,0.001,5,1000,0.548000313087216,37.548611879348755
9,4,2,4,3,30,hbgf,6,0.01,0.001,15,1000,0.39451771105968764,37.75847601890564
9,4,2,4,3,30,nmf,9,0.01,0.001,2,1000,0.7634053361252575,45.420490980148315
9,4,2,4,3,30,nmf,9,0.01,0.001,5,1000,0.8102077437725538,48.84640908241272
9,4,2,4,3,30,nmf,9,0.01,0.001,15,1000,0.4345290240292501,52.31329083442688
9,4,2,4,3,30,nmf,6,0.01,0.001,2,1000,0.7588633540105046,46.00827169418335
9,4,2,4,3,30,nmf,6,0.01,0.001,5,1000,0.7181801774150758,47.691864013671875
9,4,2,4,3,30,nmf,6,0.01,0.001,15,1000,0.4099288699349658,48.76236295700073
